รหัสเมนู,หมวดหมู่,ชื่อเมนู,ชื่อเมนู 2,บาร์โค้ด,รายละเอียด,ราคา,ราคากำหนดเอง,ไม่คิดภาษี,แนะนำ,ตามฤดูกาล,ใช้เวลาทำ,การจัดส่ง
,เบเกอรี่ & ไอศครีม,ชิโอปัง (Shio Pan) โฮมเมด ใหญ่ขึ้น,,,ชิโอปังโฮมเมด ทำเองสดใหม่ทุกวัน เนื้อนุ่มหอมเนย เค็มกำลังดี อร่อยคู่กับเครื่องดื่มหรือทานเล่นก็ลงตัว,19.00,,,Yes,,,Yes
,เบเกอรี่ & ไอศครีม,ปังมันม่วง อบสด โฮมเมด,Purple Yam Bun – Homemade,,ปังมันม่วงอบสดโฮมเมด แป้งนุ่มหนึบผสมแป้งข้าวเหนียว หอมมันเนยแท้ สอดไส้มันม่วงเนื้อแน่น หวานละมุนจากธรรมชาติ อบสดใหม่ทุกวัน อร่อยกำลังดี ทานเล่นก็เพลิน คู่กับเครื่องดื่มก็ลงตัว,19.00,,,Yes,,,Yes
,"Signature Drinks (เย็น, ปั่น)",โกโก้ลาวาช็อกขูด (เย็น/ปั่น),,,โกโก้เข้มข้น ท็อปด้วยช็อกโกแลตแท้ขูดสดพูนแก้ว ให้สัมผัส Double Texture ทั้งความนุ่มละมุนและเคี้ยวกรุบกรอบ ช๊อคโกแลตลาวา,44.00,,,Yes,,,Yes
,"Signature Drinks (เย็น, ปั่น)",โกโก้สตรอว์เบอร์รี (เย็น/ปั่น),Cocoa Strawberry,,"โกโก้เข้มข้นผสมสตรอว์เบอร์รี, หวานอมเปรี้ยว, สั่งจัดส่ง!	",34.00,,,Yes,,,Yes
,ผลไม้ปั่น & สมูทตี้,(สมูทตี้) มิกซ์เบอร์รี่ แก้วใหญ่ 22 ออนซ์,,,สมูทตี้มิกซ์เบอร์รี่เนื้อเนียน ข้น ผสมโยเกิร์ตสดหลายชั้น รสเปรี้ยวหวาน หอมละมุน สดชื่น ดื่มแล้วฟิน อิ่มอร่อยจนหยุดไม่อยู่!,54.00,,,Yes,,,Yes
,ผลไม้ปั่น & สมูทตี้,มิกซ์เบอร์รี่ปั่น แก้วใหญ่ 22 ออนซ์,,,มิกซ์เบอร์รี่ปั่นเนื้อเนียน รสเปรี้ยวหวาน สดชื่น อัดแน่นเบอร์รี่หลากชนิด ดื่มง่าย ฟินเต็มแก้ว สดชื่นทุกอึก,44.00,,,Yes,,,Yes
,ผลไม้ปั่น & สมูทตี้,(สมูทตี้) สตรอเบอร์รี่ แก้วใหญ่ 22 ออนซ์,,,สตรอเบอร์รี่สมูทตี้ ผสมโยเกิร์ต รสนุ่มละมุน หอมหวาน สดชื่น ดื่มแล้วฟินจนหยุดไม่อยู่,39.00,,,Yes,,,Yes
,ผลไม้ปั่น & สมูทตี้,สตรอเบอร์รี่ปั่น แก้วใหญ่ 22 ออนซ์,,,สตรอเบอร์รี่ปั่นเนื้อเนียน รสหวานอมเปรี้ยว สดชื่น ดื่มง่าย อร่อยเต็มรสผลไม้,29.00,,,Yes,,,Yes
,อิตาเลียน โซดา,สตรอว์เบอร์รีโซดา,Strawberry Soda,,"โซดาสตรอว์เบอร์รีสุดซ่า, หวานฉ่ำใจ, ส่งตรงถึงมือ!",19.00,,,,,,Yes
,เบเกอรี่ & ไอศครีม,บราวนี่โฮมเมด,,,บราวนี่โฮมเมดอบสดใหม่ ใช้ผงโกโก้หอมเข้ม เนื้อหนึบชุ่มกำลังดี หวานพอดี ทานคู่กับเครื่องดื่มได้ลงตัว,13.00,,,Yes,,,Yes
,ชา,ชาสตรอว์เบอร์รี,Strawberry Tea,,"ชาสตรอว์เบอร์รีสดใส, รสชาติซ่าหวาน, สั่งเลย, ส่งถึงบ้าน!",19.00,,,,,,Yes
,เบเกอรี่ & ไอศครีม,Ice Cream To-Go แก้วใหญ่ 16oz (แถมถุงเย็น),,,ไอศกรีมซอฟเสิร์ฟ 200 กรัม เนื้อนุ่มละมุน ละลายในปาก เลือกท็อปปิ้งได้ตามใจ ทั้งไข่มุก วุ้นกบ หรือบุกหนึบ สั่งเดลิเวอรี่วันนี้ แถมถุงเก็บความเย็นฟรี สดใหม่จนถึงมือคุณ,25.00,,,Yes,,,Yes
,เบเกอรี่ & ไอศครีม,เค้กกล้วยหอม โฮมเมด,,,เค้กกล้วยหอมโฮมเมด รสชาติเรียบง่าย หอมหวานจากกล้วยงอมแท้ อบสดใหม่ ขนาดพอดีมือ เหมาะทานเล่นหรือจับคู่เครื่องดื่ม,13.00,,,,,,Yes
,เบเกอรี่ & ไอศครีม,วาฟเฟิลเบลเยียม โฮมเมด,,,หอมเนยนมแท้ อุ่นร้อนก่อนส่ง กรอบนอกนุ่มใน ขนาด 60 กรัม,13.00,,,Yes,,,Yes
,* กาแฟสด อื่นๆ ร้อน,กาแฟสด เผือกลาเต้ร้อน,Fresh Coffee Hot Taro Latte,,เผือกลาเต้ร้อน – นมสดอุ่นเนียนนุ่ม ผสานกับความหอมหวานของเผือก ให้รสชาติละมุน กลมกล่อม หอมหวานกำลังดี ดื่มแล้วอบอุ่นและเพลิดเพลินในทุกแก้ว,29.00,,,,,,Yes
,* กาแฟสด อื่นๆ ร้อน,กาแฟสด มอคค่ามิ้นต์ร้อน,Hot Mint Mocha Coffee,,มอคค่ามิ้นต์ร้อน – เอสเปรสโซ่เข้มข้น ผสานกับช็อกโกแลตหอมละมุนและความสดชื่นของมิ้นต์ เติมความนุ่มละมุนด้วยนมสดอุ่น ให้รสชาติกลมกล่อม หวานขมลงตัว อบอุ่นและสดชื่นในทุกแก้ว,35.00,,,Yes,,,Yes
,* กาแฟสด อื่นๆ ร้อน,กาแฟสด โกโก้มอคค่าร้อน,"Fresh Coffee, Hot Cocoa Mocha",,โกโก้มอคค่าร้อน – เอสเปรสโซ่เข้มข้น ผสานกับโกโก้แท้เข้มข้นและนมสดอุ่นเนียนนุ่ม ให้รสชาติขมหวานกลมกล่อม หอมละมุน อบอุ่นและเต็มอิ่มในทุกแก้ว,29.00,,,Yes,,,Yes
,* กาแฟสด อื่นๆ ร้อน,กาแฟสด โอวัลตินเอสเปรสโซ่ร้อน,"Fresh Coffee, Hot Ovaltine Espresso",,โอวัลตินเอสเปรสโซ่ร้อน – เอสเปรสโซ่เข้มข้น ผสานกับโอวัลตินหอมมัน ให้รสชาติหวานละมุน กลมกล่อมลงตัวระหว่างความเข้มของกาแฟและความนุ่มของโอวัลติน อุ่นกำลังดี ดื่มแล้วรู้สึกอบอุ่นและสดชื่นในทุกแก้ว,35.00,,,Yes,,,Yes
,* กาแฟสด อื่นๆ ร้อน,กาแฟสด เฮเซลนัทมอคค่าร้อน 12 ออนซ์,Hot Hazelnut Mocha Coffee,,เฮเซลนัทมอคค่าร้อน – เอสเปรสโซ่เข้มข้น ผสานกับช็อกโกแลตหอมละมุน และนมสดอุ่นเนียนนุ่ม เพิ่มความหอมหวานของเฮเซลนัท ให้รสชาติกลมกล่อม นุ่มละมุน อบอุ่นและลงตัวในทุกแก้ว,35.00,,,Yes,,,Yes
,* กาแฟสด อื่นๆ ร้อน,กาแฟสด คาราเมลลาเต้ร้อน 12 ออนซ์,Hot Caramel Latte,,คาราเมลลาเต้ร้อน – เอสเปรสโซ่เข้มข้น ผสานกับนมสดอุ่นเนียนนุ่ม และคาราเมลหอมหวาน ให้รสชาติกลมกล่อม นุ่มละมุน อบอุ่นทุกสัมผัส เหมาะสำหรับการเริ่มต้นวันใหม่หรือช่วงเวลาผ่อนคลาย,35.00,,,Yes,,,Yes
,* กาแฟสด อื่นๆ ร้อน,ช็อกโกแลตมิลค์ร้อน 12 ออนซ์,Hot Chocolate Milk,,ช็อกโกแลตมิลค์ร้อน – นมสดอุ่นผสานกับช็อกโกแลตเข้มข้น หอมละมุน รสชาตินุ่มนวล กลมกล่อม อุ่นกำลังดี ดื่มแล้วให้ความรู้สึกผ่อนคลายและสดชื่นในทุกแก้ว,25.00,,,Yes,,,Yes
,* กาแฟสด อื่นๆ ร้อน,นมร้อน 12 ออนซ์,Hot Milk,,นมร้อน – นมสดแท้ หอมมัน อุ่นกำลังดี เนื้อเนียนนุ่ม ให้ความรู้สึกละมุนและอบอุ่น ดื่มง่าย เหมาะสำหรับทุกวัยและทุกช่วงเวลา,19.00,,,Yes,,,Yes
,* กาแฟสด อื่นๆ ร้อน,กาแฟสด มอคค่า ร้อน 12 ออนซ์,Hot Mocha Coffee,,มอคค่าร้อน – เอสเปรสโซ่เข้มข้น ผสานกับช็อกโกแลตหอมละมุน และนมสดเนียนนุ่ม ให้รสชาติกลมกล่อม ขมหวานลงตัว อุ่นใจในทุกแก้ว,29.00,,,Yes,,,Yes
,* กาแฟสด อื่นๆ ร้อน,กาแฟสด Caramel Macchiato (คาราเมลมัคคิอาโต้) ร้อน 12 ออนซ์,Hot Caramel Macchiato,,คาราเมลมัคคิอาโต้ร้อน – กาแฟเอสเปรสโซ่เข้มข้น ผสานกับนมสตีมเนียนนุ่ม และราดด้วยซอสคาราเมลหอมหวาน ให้รสชาติที่นุ่มละมุน หวานมัน กลมกล่อม เหมาะสำหรับคนที่ชื่นชอบกาแฟรสเข้มแต่ยังคงความหวานหอมของคาราเมล,35.00,,,Yes,,,Yes
,* กาแฟสด อื่นๆ ร้อน,กาแฟสด Flat White (แฟลตไวท์) ร้อน 12 ออนซ์,Hot Flat White,,แฟลตไวท์ร้อน – กาแฟเอสเปรสโซ่เข้มข้น ผสมกับนมสตีมเนียนละเอียด โดยใช้นมน้อยกว่าลาเต้ ทำให้ได้รสชาติกาแฟที่เข้มข้นกว่าพร้อมสัมผัสที่เนียนนุ่ม เหมาะสำหรับคอกาแฟที่ต้องการความกลมกล่อมแบบบาลานซ์ระหว่างกาแฟและนม,29.00,,,Yes,,,Yes
,* กาแฟสด อื่นๆ ร้อน,กาแฟสด Long Black (ลองแบล็ค) ร้อน 12 ออนซ์,Hot Long Black,,ลองแบล็คร้อน – กาแฟดำเข้มข้นที่ได้จากเอสเปรสโซ่สองช็อต เทลงบนน้ำร้อน เพื่อให้คงกลิ่นหอมและครีม่าของกาแฟไว้อย่างสมบูรณ์ ให้รสชาติที่เข้มข้นแต่กลมกล่อม เหมาะสำหรับคอกาแฟที่ต้องการรสชาติแท้ของกาแฟดำ,25.00,,,Yes,,,Yes
,* กาแฟสด อื่นๆ ร้อน,กาแฟสด Cappuccino (คาปูชิโน่) ร้อน 12 ออนซ์,Hot Cappuccino,,คาปูชิโน่ร้อน – กาแฟเอสเปรสโซ่เข้มข้น ผสมกับนมสตีมเนียนนุ่ม และฟองนมหนานุ่ม ให้รสชาติกลมกล่อมลงตัว พร้อมสัมผัสของฟองนมที่นุ่มละมุน เหมาะสำหรับคอกาแฟที่ชื่นชอบความเข้มข้นของกาแฟและความละมุนของฟองนม,29.00,,,Yes,,,Yes
,* กาแฟสด อื่นๆ ร้อน,กาแฟสด ลาเต้ (Latte) ร้อน 12 ออนซ์,Hot Latte,,ลาเต้ร้อน – กาแฟเอสเปรสโซ่เข้มข้น ผสานกับนมสตีมเนียนนุ่ม และฟองนมบางเบา ให้รสชาติหอมละมุน ดื่มง่าย กลมกล่อม เหมาะสำหรับคนที่ชอบกาแฟรสชาตินุ่มนวลและหอมมันของนม,29.00,,,Yes,,,Yes
,* กาแฟสด อื่นๆ ร้อน,กาแฟสด Espresso (เอสเปรสโซ่) ร้อน 12 ออนซ์,Hot Espresso,,เอสเปรสโซ่ร้อน – กาแฟที่เข้มข้นที่สุด ด้วยการสกัดจากเมล็ดกาแฟแท้ ให้รสชาติขมเข้ม หอมลึก และมีครีม่านุ่มด้านบน เหมาะสำหรับคอกาแฟที่ต้องการพลังงานและความสดชื่นในช็อตเดียว,29.00,,,Yes,,,Yes
,* กาแฟสด อื่นๆ ร้อน,กาแฟสด อเมริกาโน่ (Americano) ร้อน 12 ออนซ์,Hot Americano,,อเมริกาโน่ร้อน – กาแฟดำรสเข้มข้นจากเอสเปรสโซ่ ผสมกับน้ำร้อน เพื่อให้ได้รสชาตินุ่มนวลขึ้นแต่ยังคงความเข้มข้นของกาแฟ เหมาะสำหรับคอกาแฟที่ต้องการความหอมอุ่น สดชื่น และพลังงานในทุกวัน,25.00,,,Yes,,,Yes
,* กาแฟสดฟิวชันสดชื่น,กาแฟสดโซดา เอสเปรสโซ่มะม่วง เย็น 16 ออนซ์,"Fresh Coffee Soda, Iced Mango Espresso",,เอสเปรสโซ่มะม่วงโซดาเย็น – เอสเปรสโซ่เข้มข้น ผสานกับความหอมหวานของมะม่วงสุก เติมความซ่าจากโซดา ให้รสชาติเปรี้ยวหวานสดชื่น ดื่มแล้วกระปรี้กระเปร่า มีชีวิตชีวาในทุกแก้ว,25.00,,,Yes,,,Yes
,* กาแฟสดฟิวชันสดชื่น,กาแฟสดโซดา เอสเปรสโซ่บ๊วย เย็น 16 ออนซ์,Espresso with Plum Soda (Iced),,เอสเปรสโซ่บ๊วยโซดาเย็น – เอสเปรสโซ่เข้มข้น ผสานกับความเปรี้ยวหวานของบ๊วย เพิ่มความซ่าจากโซดา ให้รสชาติสดชื่น กลมกล่อม มีเอกลักษณ์ ดื่มแล้วตื่นตัวและรีเฟรชทุกแก้ว,25.00,,,Yes,,,Yes
,* กาแฟสดฟิวชันสดชื่น,กาแฟสดโซดา เอสเปรสโซ่ลิ้นจี่ เย็น 16 ออนซ์,Iced Lychee Espresso Soda,,เอสเปรสโซ่ลิ้นจี่โซดาเย็น – เอสเปรสโซ่เข้มข้น ผสานกับความหอมหวานของลิ้นจี่ เติมความซ่าจากโซดา ให้รสชาติสดชื่น กลมกล่อม ดื่มแล้วรู้สึกสดใสและกระปรี้กระเปร่าในทุกแก้ว,25.00,,,Yes,,,Yes
,* กาแฟสดฟิวชันสดชื่น,กาแฟสดโซดา เอสเปรสโซ่เสาวรส เย็น 16 ออนซ์,Passion Fruit Espresso Soda (Iced),,เอสเปรสโซ่เสาวรสโซดาเย็น – เอสเปรสโซ่เข้มข้น ผสานกับความเปรี้ยวหวานของเสาวรส เติมความซ่าจากโซดา ให้รสชาติสดชื่น มีความหอมเป็นเอกลักษณ์ ดื่มแล้วกระปรี้กระเปร่า สดใสทุกแก้ว,25.00,,,Yes,,,Yes
,* กาแฟสดฟิวชันสดชื่น,กาแฟสดโซดา เอสเปรสโซ่บลูฮาวาย เย็น 16 ออนซ์,Iced Espresso Blue Hawaii Soda,,เอสเปรสโซ่บลูฮาวายโซดาเย็น – เอสเปรสโซ่เข้มข้น ผสานกับความเปรี้ยวหวานสดชื่นของบลูฮาวาย เติมความซ่าแบบโซดา ให้รสชาติสดชื่น มีชีวิตชีวา ดื่มแล้วตื่นตัว รีเฟรชทุกแก้ว,25.00,,,Yes,,,Yes
,* กาแฟสดฟิวชันสดชื่น,กาแฟสด บุกบราวน์ชูการ์ เย็น 16 ออนซ์,Iced Fresh Coffee with Brown Sugar Jelly,,กาแฟสดบุกบราวน์ชูการ์เย็น – เอสเปรสโซ่เข้มข้น ผสานกับความหอมหวานของบราวน์ชูการ์ และสัมผัสหนึบหนับของบุกเคี้ยวเพลิน ให้รสชาติกลมกล่อม หวานละมุน ดื่มง่าย สดชื่นในทุกแก้ว,29.00,,,Yes,,,Yes
,* กาแฟสดฟิวชันสดชื่น,กาแฟสด น้ำผึ้งมะนาว เย็น 16 ออนซ์,Iced Honey Lemon Coffee,,กาแฟสดน้ำผึ้งมะนาวเย็น – เอสเปรสโซ่เข้มข้น ผสานกับความหอมหวานของน้ำผึ้ง และความสดชื่นจากมะนาว เปรี้ยวหวานลงตัว ดื่มแล้วสดชื่น กระปรี้กระเปร่า เหมาะสำหรับวันที่ต้องการความสดใส,29.00,,,Yes,,,Yes
,* กาแฟสดฟิวชันสดชื่น,กาแฟสด บลูฮาวายเอสเปรสโซ่ เย็น 16 ออนซ์,Iced Blue Hawaii Espresso,,บลูฮาวายเอสเปรสโซ่เย็น – เอสเปรสโซ่เข้มข้น ผสานกับความสดชื่นของบลูฮาวาย เปรี้ยวหวานลงตัว มีกลิ่นหอมสดชื่น ให้ความรู้สึกสดใส มีชีวิตชีวาในทุกแก้ว,25.00,,,Yes,,,Yes
,* กาแฟสดฟิวชันสดชื่น,กาแฟสด บ๊วยเอสเปรสโซ่ เย็น 16 ออนซ์,Iced Plum Espresso,,บ๊วยเอสเปรสโซ่เย็น – เอสเปรสโซ่เข้มข้น ผสานกับความเปรี้ยวหวานของบ๊วย ให้รสชาติที่สดชื่น กลมกล่อม และมีเอกลักษณ์ ดื่มแล้วตื่นตัว รีเฟรชทุกสัมผัส,25.00,,,Yes,,,Yes
,* กาแฟสดฟิวชันสดชื่น,กาแฟสด เสาวรสเอสเปรสโซ่ เย็น 16 ออนซ์,Passion Fruit Espresso (Iced),,เสาวรสเอสเปรสโซ่เย็น – เอสเปรสโซ่เข้มข้น ผสมกับเสาวรสสด ให้รสเปรี้ยวหวานสดชื่นอย่างลงตัว มีกลิ่นหอมสดชื่นจากธรรมชาติ เติมความสดใสและกระปรี้กระเปร่าในทุกแก้ว,25.00,,,Yes,,,Yes
,* กาแฟสดนมนุ่มละมุน,กาแฟสด เอสเปรสโซ่ไทยสไตล์ เย็น 16 ออนซ์,Thai Style Iced Espresso,,เอสเปรสโซ่ไทยสไตล์เย็น – กาแฟเอสเปรสโซ่เข้มข้น ผสมกับนมข้นหวานและนมสด ให้รสชาติหอมมัน กลมกล่อม หวานเข้มข้นตามสไตล์กาแฟไทยแท้ ดื่มแล้วสดชื่น ได้พลังงานเต็มที่ เหมาะสำหรับคนที่ชอบกาแฟรสหวานมันแบบไทย,29.00,,,Yes,,,Yes
,* กาแฟสดนมนุ่มละมุน,กาแฟสด ไมโลกาแฟ เย็น 16 ออนซ์,Fresh Coffee Milo Coffee Iced,,ไมโลกาแฟเย็น – เอสเปรสโซ่เข้มข้น ผสมกับไมโลหอมมัน ให้รสชาติหวานกลมกล่อม ผสานความเข้มของกาแฟและความนุ่มละมุนของไมโล ดื่มง่าย สดชื่นทุกแก้ว,29.00,,,Yes,,,Yes
,* กาแฟสดนมนุ่มละมุน,กาแฟสด โอวัลตินช็อตกาแฟ เย็น 16 ออนซ์,Iced Ovaltine Coffee Shot,,โอวัลตินช็อตกาแฟเย็น – เอสเปรสโซ่เข้มข้น ผสานกับโอวัลตินหอมมัน ให้รสชาติหวานละมุน กลมกล่อม ลงตัวระหว่างความเข้มของกาแฟและความนุ่มของโอวัลติน ดื่มง่าย สดชื่นทุกแก้ว,29.00,,,Yes,,,Yes
,* กาแฟสดนมนุ่มละมุน,ช็อกโกแลตมิลค์ เย็น 16 ออนซ์,ice Chocolate Milk,,ช็อกโกแลตมิลค์เย็น – นมสดหอมมัน ผสมกับช็อกโกแลตเข้มข้น รสชาตินุ่มละมุน หวานกำลังดี ดื่มแล้วสดชื่น เหมาะสำหรับทุกช่วงเวลา,29.00,,,Yes,,,Yes
,* กาแฟสดนมนุ่มละมุน,กาแฟสด ช็อกโกแลตเอสเปรสโซ่ เย็น 16 ออนซ์,Iced Chocolate Espresso,,ช็อกโกแลตเอสเปรสโซ่เย็น – เอสเปรสโซ่เข้มข้น ผสานความเข้มข้นของช็อกโกแลต ให้รสชาติหอมมัน กลมกล่อม ลงตัวระหว่างความขมของกาแฟและความหวานละมุนของช็อกโกแลต สดชื่นทุกแก้ว,29.00,,,Yes,,,Yes
,* กาแฟสดนมนุ่มละมุน,กาแฟสด คาราเมลมัคคิอาโต้ เย็น 16 ออนซ์,Iced Caramel Macchiato,,คาราเมลมัคคิอาโต้เย็น – กาแฟเอสเปรสโซ่เข้มข้น ผสมกับนมสดเย็นนุ่มละมุน และราดด้วยซอสคาราเมลหอมหวาน ให้รสชาติที่หอมมัน กลมกล่อม และมีเลเยอร์กาแฟที่ชัดเจน ดื่มง่าย สดชื่น เหมาะสำหรับคนที่ชอบความหอมหวานของคาราเมลผสานกับกาแฟ,39.00,,,Yes,,,Yes
,* กาแฟสดนมนุ่มละมุน,กาแฟสด แฟลตไวท์ เย็น 16 ออนซ์,Iced Flat White,,แฟลตไวท์เย็น – กาแฟเอสเปรสโซ่เข้มข้น ผสมกับนมสดที่มีเนื้อสัมผัสเนียนนุ่ม แต่ใช้นมน้อยกว่าลาเต้ ให้รสชาติของกาแฟเด่นชัดขึ้น ในขณะที่ยังคงความละมุนของนม เหมาะสำหรับคอกาแฟที่ต้องการรสชาติกลมกล่อมแต่เข้มข้นกว่าลาเต้,35.00,,,Yes,,,Yes
,* กาแฟสดนมนุ่มละมุน,กาแฟสด มอคค่า เย็น 16 ออนซ์,Iced Mocha,,มอคค่าเย็น – กาแฟเอสเปรสโซ่เข้มข้น ผสานกับความหอมหวานของช็อกโกแลต และนมสดเนียนนุ่ม ให้รสชาติที่กลมกล่อม หอมมัน เข้มข้น ดื่มง่าย เหมาะสำหรับคนที่ชอบกาแฟที่มีรสชาติของโกโก้และกาแฟรวมกันอย่างลงตัว,35.00,,,Yes,,,Yes
,* กาแฟสดนมนุ่มละมุน,กาแฟสด คาปูชิโน่ เย็น 16 ออนซ์,Caffè Cappuccino with Ice,,คาปูชิโน่เย็น – กาแฟเอสเปรสโซ่เข้มข้น ผสมกับนมสดและฟองนมนุ่มละมุน เพิ่มความกลมกล่อม หอมมัน ดื่มง่าย ได้รสสัมผัสที่สมดุลระหว่างกาแฟและนม เหมาะสำหรับคนที่ชอบกาแฟที่มีรสชาติชัดเจนแต่ยังคงความนุ่มนวล,35.00,,,Yes,,,Yes
,* กาแฟสดนมนุ่มละมุน,กาแฟสด ลาเต้ เย็น 16 ออนซ์,Caffè Latte with Ice,,นุ่มละมุน หอมกลมกล่อม กับกาแฟเอสเปรสโซ่ที่เข้มข้น ผสานกับนมสดคุณภาพดี เพิ่มความหอมมัน ดื่มง่าย ไม่เข้มจนเกินไป เหมาะสำหรับคนที่ชอบกาแฟที่มีรสนุ่มและครีมมี่,35.00,,,Yes,,,Yes
,* กาแฟสดเข้มข้น,กาแฟสด โอเลี้ยงเฮเซลนัท เย็น 16 ออนซ์,Iced Hazelnut Oleang Coffee,,โอเลี้ยงเฮเซลนัทเย็น – กาแฟดำสไตล์ไทย หอมเข้มข้น ผสานกลิ่นหอมละมุนของเฮเซลนัท ให้รสชาติกลมกล่อม ดื่มง่าย สดชื่น พร้อมสัมผัสความหอมหวานที่ลงตัว,29.00,,,Yes,,,Yes
,* กาแฟสดเข้มข้น,กาแฟสด กาแฟโบราณ เย็น 16 ออนซ์,"Fresh Coffee, Traditional Coffee, Iced",,กาแฟโบราณเย็น – กาแฟเข้มข้นสไตล์ดั้งเดิม หอมกรุ่น กลมกล่อม ผสมนมและน้ำตาลในสัดส่วนที่พอดี ให้รสชาติหวานมัน นุ่มนวล ดื่มแล้วสดชื่น คลาสสิกทุกแก้ว,29.00,,,Yes,,,Yes
,* กาแฟสดเข้มข้น,กาแฟสด โอเลี้ยง เย็น 16 ออนซ์,Thai Iced Coffee,,โอเลี้ยงเย็น – กาแฟดำสไตล์ไทย หอมเข้ม กลมกล่อม เติมความสดชื่นด้วยรสหวานเล็กน้อยจากน้ำตาล ให้ความรู้สึกคลาสสิกและลงตัว ดื่มง่าย สดชื่นทุกเวลา,29.00,,,Yes,,,Yes
,* กาแฟสดเข้มข้น,กาแฟสด ลองแบล็ค เย็น 16 ออนซ์,Iced Long Black,,ลองแบล็คเย็น – กาแฟดำรสเข้มข้นจากเอสเปรสโซ่ ผสมน้ำเย็นและเสิร์ฟพร้อมน้ำแข็ง ให้รสชาติเข้มแต่กลมกล่อม พร้อมกลิ่นหอมของกาแฟที่ชัดเจน เหมาะสำหรับคอกาแฟที่ต้องการความสดชื่นและพลังงานในทุกวัน,29.00,,,Yes,,,Yes
,* กาแฟสดเข้มข้น,กาแฟสด เอสเปรสโซ่ เย็น 16 ออนซ์,Iced Caffè Espresso,,เอสเปรสโซ่เย็น – สัมผัสรสชาติที่เข้มข้นถึงใจของกาแฟเอสเปรสโซ่แท้ เสิร์ฟพร้อมน้ำแข็ง ให้รสขมและหอมกลิ่นกาแฟที่ชัดเจน เหมาะสำหรับคอกาแฟที่ต้องการพลังงานและความสดชื่น,35.00,,,Yes,,,Yes
,* กาแฟสดเข้มข้น,กาแฟสด อเมริกาโน่ เย็น 16 ออนซ์,Caffè Americano with ice,,เข้มข้น สดชื่น กับกาแฟเอสเปรสโซ่ผสมน้ำเย็นและน้ำแข็ง ให้รสชาติขมกลมกล่อม ดื่มง่าย เหมาะสำหรับคนที่ต้องการความสดชื่นแบบไม่มีนมและน้ำตาล,29.00,,,Yes,,,Yes
,0% แคล โซดาซ่าเพื่อสุขภาพ,0% แคล โซดาพีช,0% Cal Peach Soda,,หอมกลิ่นพีชละมุน สดชื่นทุกคำที่ดื่ม ซ่าแบบลงตัว ไม่มีน้ำตาลและแคลอรี่ เหมาะสำหรับคนที่ต้องการความสดชื่นแบบไม่เพิ่มพลังงาน,19.00,,,Yes,,,Yes
,0% แคล ชาเพื่อสุขภาพ,0% แคล ชาพีช,0% Cal Peach Tea,,ชาใสหอมกลิ่นพีช สดชื่น ดื่มง่าย ไม่มีน้ำตาลและแคลอรี่ เหมาะสำหรับคนรักสุขภาพและควบคุมน้ำหนัก,19.00,,,Yes,,,Yes
,"เบาเบากับน้ำเต้าหู้ (เย็น, ปั่น)",น้ำเต้าหู้โกโก้ (เย็น/ปั่น),,,น้ำเต้าหู้รสโกโก้ หอมมันเบา ๆ ไม่เข้มจัด ดื่มสบายได้ทุกวัน,24.00,,,,,,Yes
,"เบาเบากับน้ำเต้าหู้ (เย็น, ปั่น)",น้ำเต้าหู้เผือก (เย็น/ปั่น),,,น้ำเต้าหู้หอมถั่ว ผสมกลิ่นรสเผือกละมุน เบาแต่มีสีสัน เลือกระดับความหวานได้ตามใจ,34.00,,,,,,Yes
,"เบาเบากับน้ำเต้าหู้ (เย็น, ปั่น)",น้ำเต้าหู้โอวัลติน (เย็น/ปั่น),,,น้ำเต้าหู้หอมถั่วผสมรสช็อกโกแลตกลมกล่อม ดื่มง่าย หวานนิด ๆ หรือเลือกไม่หวานก็ได้,24.00,,,,,,Yes
,"เบาเบากับน้ำเต้าหู้ (เย็น, ปั่น)",น้ำเต้าหู้นมสด (เย็น/ปั่น),,,น้ำเต้าหู้เนื้อนุ่ม รสละมุนกว่าปกติ เหมาะกับวันที่อยากได้อะไรเบา ๆ แต่ยังหอม มันนิด ๆ,24.00,,,,,,Yes
,"เบาเบากับน้ำเต้าหู้ (เย็น, ปั่น)",น้ำเต้าหู้สูตรดั้งเดิม (เย็น/ปั่น),,,"น้ำเต้าหู้สูตรดั้งเดิม
",24.00,,,Yes,,,Yes
,น้ำเปล่า,น้ำเปล่า,,,,10.00,,,,,,Yes
,ผลไม้ปั่น & สมูทตี้,(สมูทตี้) มะม่วง แก้วใหญ่ 22 ออนซ์,,,สมูทตี้มะม่วงผสมโยเกิร์ต เนื้อเนียน ข้น มีชั้นโยเกิร์ตเพิ่มความละมุน รสหวานหอม สดชื่น ดื่มแล้วอร่อย ฟินจนหยุดไม่อยู่!,54.00,,,Yes,,,Yes
,ผลไม้ปั่น & สมูทตี้,มะม่วงปั่น แก้วใหญ่ 22 ออนซ์,,,มะม่วงปั่นเนื้อเนียน ข้น สีเหลืองสด รสหวานหอม สดชื่น ดื่มง่าย ,34.00,,,Yes,,,Yes
,เบเกอรี่ & ไอศครีม,มันไทยอบ ดั้งเดิม,,,มันไทยอบ ดั้งเดิม ธรรมชาติ เนื้อนุ่มหนึบ อิ่มท้องนาน,13.00,,,Yes,,,Yes
,"นม (เย็น, ปั่น)",นมสดไข่มุกบราวน์ชูการ์ (เย็น/ปั่น),Fresh Milk with boba & brown sugar,,"นมสดไข่มุกหวานหอม, ราดบราวน์ชูการ์, ส่งตรงถึงบ้าน!",44.00,,,,,,Yes
,มัจฉะแท้,มัทฉะบราวน์ชูการ์ไข่มุก (Matcha Brown Sugar Boba),,,ความลงตัวของชาเขียวมัทฉะเข้มข้นกับความหอมหวานของซอสบราวน์ชูการ์ เสิร์ฟพร้อมไข่มุกหนึบหนับ เคี้ยวเพลิน นมสดหอมมันตัดรสได้พอดี เพิ่มความสดชื่นในทุกแก้ว,45.00,,,Yes,,,Yes
,ทัอปปิ้ง,ไข่มุก,Boba,,"ไข่มุกนุ่มนวล, ท็อปปิ้งเพิ่มความสนุก, สั่งได้ทุกวัน!",5.00,,,,,,Yes
,"Signature Drinks (เย็น, ปั่น)",ชานมไข่มุกบราวน์ชูการ์ (เย็น/ปั่น),Bubble Tea with Brown Sugar,,"ชานมหวานมันผสมไข่มุกและบราวน์ชูการ์, สัมผัสความอร่อยทันที!
",39.00,,,Yes,,,Yes
,"Signature Drinks (เย็น, ปั่น)",ชานมไข่มุก (เย็น/ปั่น),Bubble Tea,,"ชานมคลาสสิกผสมไข่มุกสุดนุ่ม, พร้อมส่งตรงถึงคุณทุกที่!

",24.00,,,Yes,,,Yes
,ทัอปปิ้ง,บุกบราวน์ชูการ์,Brown Sugar Konjac,,"บุกบราวน์ชูการ์เต็มรส, เพิ่มความหอมหวาน, สั่งง่ายผ่านแอพ!",10.00,,,,,,Yes
,เบเกอรี่ & ไอศครีม,ซอฟต์คุกกี้ โฮมเมด (เลือกได้),,,ซอฟต์คุกกี้เนื้อนุ่มหนึบ เลือกอร่อยได้ทั้งรสออริจินัล มัจฉะ และดาร์กโกโก้เข้มข้น,15.00,,,Yes,,,Yes
,"Signature Drinks (เย็น, ปั่น)",โกโก้ (เย็น/ปั่น),Cocoa,,"โกโก้เข้มข้น, ปลุกความสดชื่น, สั่งเลย!",24.00,,,Yes,,,Yes
,"Signature Drinks (เย็น, ปั่น)",โกโก้มิ้นต์ (เย็น/ปั่น),Cocoa Mint,,"โกโก้หอมมิ้นต์เย็นสดชื่น, ลิ้มลองได้ทุกที่!	",34.00,,,,,,Yes
,ทัอปปิ้ง,วุ้นว่านหางจระเข้ หั่นลูกเต๋า,,,"อโลเวร่าองุ่นขาว
วุ้นว่านหางจระเข้เนื้อนุ่ม หั่นเต๋าเคี้ยวหนึบ หอมองุ่นอ่อน ๆ หวานน้อย สดชื่น กินง่าย เพิ่มสัมผัสเบา ๆ ให้เครื่องดื่มทุกแก้ว",15.00,,,,,,Yes
,ทัอปปิ้ง,เฉาก๊วยหนึบเนื้อแน่น,,,เฉาก๊วยหนึบเนื้อแน่นเคี้ยวเพลิน,9.00,,,,,,Yes
,0% แคล ชาเพื่อสุขภาพ,0% แคล ชามะลิ,0% Cal Jasmine Tea,,หอมกลิ่นมะลิอ่อนๆ ให้ความรู้สึกผ่อนคลาย ดื่มง่าย ไม่มีน้ำตาลและแคลอรี่ หวานธรรมชาติ เหมาะกับทุกช่วงเวลา,19.00,,,Yes,,,Yes
,เบเกอรี่ & ไอศครีม,ปังเนยกรอบอบไอน้ำ,,,"ขนมปังทาเนยอบไอน้ำด้วยเตา BALMUDA
หอมกรุ่น ชุ่มเนย กรอบเบา ๆ ที่ขอบ
อบใหม่ทุกครั้ง กินคู่ชาหรือกาแฟก็ลงตัว",19.00,,,Yes,,,Yes
,ผลไม้ปั่น & สมูทตี้,(สมูทตี้) มันม่วง แก้วใหญ่ 22 ออนซ์,,,สมูทตี้เนื้อละมุน ปั่นจากมันม่วงแท้ หวานน้อย สดชื่น สีสวยไม่เหมือนใคร เย็นข้น ดื่มเพลิน อิ่มเบา ๆ ในแก้วเดียว เหมาะทั้งสายสุขภาพและสายถ่ายรูป พร้อมส่งตรงถึงมือคุณ.,49.00,,,Yes,,,Yes
,ผลไม้ปั่น & สมูทตี้,(สมูทตี้) ส้ม แก้วใหญ่ 22 ออนซ์,,,สมูทตี้ส้มปั่นผสมโยเกิร์ต เนื้อเนียน ข้น มีชั้นโยเกิร์ตเพิ่มความละมุน รสชาติเปรี้ยวหวาน สดชื่น หอมอร่อย ดื่มแล้วสดชื่น,49.00,,,Yes,,,Yes
,ผลไม้ปั่น & สมูทตี้,ส้มปั่น แก้วใหญ่ 22 ออนซ์,,,ส้มปั่นเนื้อเนียน ข้น สีส้มสด รสชาติเปรี้ยวหวานสดชื่น ดื่มง่าย สดชื่นทุกอึก ,34.00,,,,,,Yes
,ทัอปปิ้ง,ครีมซีส,Cheese,,"ประสบการณ์ใหม่กับทอปปิ่งชีสครีมฟู. เพิ่มความอร่อยและหรูหราในทุกๆ คำ, ความพิเศษที่คุณสัมผัสได้!",20.00,,,,,,Yes
,ทัอปปิ้ง,บุกน้ำตาล,Sugar Konjac,,"บุกน้ำตาลหวานอร่อย, เติมความสนุกให้เครื่องดื่ม, สั่งเลย!",10.00,,,,,,Yes
,ทัอปปิ้ง,เจลลี่ผลไม้,Fruit Jelly,,"เจลลี่ผลไม้สดชื่น, เพิ่มสีสันให้เครื่องดื่ม",5.00,,,,,,Yes
,ทัอปปิ้ง,บุกน้ำผึ้ง,Honey Konjac,,"บุกน้ำผึ้งหวานมัน, ท็อปปิ้งหวานละมุน, ส่งไวถึงมือ!",10.00,,,,,,Yes
,ทัอปปิ้ง,ซอสบราวน์ชูการ์,Brown Sugar Sauce,,"ซอสบราวน์ชูการ์หวานมัน, เพิ่มรสชาติเข้มข้น, สั่งเลย!",15.00,,,,,,Yes
,"Signature Drinks (เย็น, ปั่น)",ชาเขียวนม (เย็น/ปั่น),Green Tea with Milk,,"ชาเขียวนมสด, รสชาติเข้มข้นหอมละมุน, จัดส่งได้ทุกที่!",24.00,,,Yes,,,Yes
,"Signature Drinks (เย็น, ปั่น)",ชานมชีส (เย็น/ปั่น),Cream Cheese Milk Tea,,"ชานมหอมละมุนผสานชีสครีมเข้มข้น สัมผัสเย็นชื่นใจ สั่งง่ายผ่านแอพดิลิเวอรี่, ถึงมือคุณเร็วทันใจ.",39.00,,,Yes,,,Yes
,ชา,ชาดำเย็น,Iced Black Tea,,"ชาดำเย็นสดชื่น, เข้มข้นทุกคำ, ส่งตรงถึงคุณ!",19.00,,,,,,Yes
,ชา,ชาบลูเบอร์รี่,Blueberry Tea,,"ดื่มด่ำกับชาบลูเบอร์รี่, รสชาติสดใสและหอมหวาน. สั่งง่ายผ่านแอพดิลิเวอรี่, ความสดชื่นส่งตรงถึงคุณ!",19.00,,,,,,Yes
,ชา,ชาแอปเปิ้ล,Apple Tea,,"ชาแอปเปิ้ลหวานหอม, เติมความสุขให้วันของคุณ, สั่งเลย!",19.00,,,,,,Yes
,ชา,ชาลิ้นจี่,Lychee Tea,,"ชาลิ้นจี่สุดหอม, รสชาติเฟรช, ส่งตรงจากแอพดิลิเวอรี่!",19.00,,,,,,Yes
,ชา,ชามะนาว,Lime tea,,"รีเฟรชวันใหม่ด้วยชามะนาว, สดชื่นทุกคำ. สั่งได้เลยผ่านแอพดิลิเวอรี่, ความเย็นฉ่ำถึงทันที!",24.00,,,Yes,,,Yes
,ชา,ชาเขียวมะลิ,Jasmine Tea,,"ชาเขียวมะลิ, หอมอ่อนโยน, ชื่นใจทุกโอกาส, สั่งได้ทันที!",19.00,,,,,,Yes
,ชา,ชาเสาวรส,Passion Fruit Tea,,"ชาเสาวรส, กลิ่นหอมและรสเปรี้ยวอมหวาน. ประสบการณ์ใหม่, สั่งได้ทันทีผ่านแอพดิลิเวอรี่!",19.00,,,,,,Yes
,"ชานม (เย็น, ปั่น)",ชาไทย (เย็น/ปั่น),Thai Milk Tea,,"ชาไทยออริจินัล, เข้มข้นสไตล์ไทย, จัดส่งถึงคุณ!",24.00,,,Yes,,,Yes
,"ชานม (เย็น, ปั่น)",ชานมใต้หวัน (เย็น/ปั่น),Taiwanese Milk Tea,,"ชานมไต้หวันคลาสสิก, หวานละมุน, พร้อมส่งสดใหม่!",19.00,,,Yes,,,Yes
,"ชานม (เย็น, ปั่น)",ชานมเผือก (เย็น/ปั่น),Taro Milk Tea,,"ชานมเผือกคลาสสิก หอมละมุน เนื้อเผือกเข้มข้น. สั่งได้ง่ายผ่านแอพดิลิเวอรี่, ความอร่อยส่งตรงถึงคุณ!",29.00,,,,,,Yes
,"ชานม (เย็น, ปั่น)",ชานมคาราเมล (เย็น/ปั่น),Caramel Milk Tea,,"เพลิดเพลินกับชานมคาราเมล, ความหวานอบอุ่น. จัดส่งทันใจผ่านแอพดิลิเวอรี่, ความอร่อยถึงบ้านคุณ!",29.00,,,,,,Yes
,"ชานม (เย็น, ปั่น)",ชานมมิ้นต์ (เย็น/ปั่น),Minty Milk Tea,,"สัมผัสความสดชื่นแบบใหม่กับชานมมินต์. รสชาติละมุนละไม, สั่งง่ายผ่านแอพดิลิเวอรี่!",29.00,,,,,,Yes
,"ชานม (เย็น, ปั่น)",ชานมกาแฟ (เย็น/ปั่น),Coffee Milk Tea,,"ชานมกับกาแฟ, คู่หูสำหรับเริ่มต้นวันใหม่, สั่งเลย!",24.00,,,,,,Yes
,"ชานม (เย็น, ปั่น)",ชานมเฮเซลนัท (เย็น/ปั่น),Hazelnut Milk Tea,,"ชานมเฮเซลนัทหวานหอม, รสชาติสุดพิเศษ, ส่งตรงถึงมือคุณ!",29.00,,,,,,Yes
,"กาแฟ (เย็น, ปั่น)",โกปี๊ ยกล้อ (ใส่นม) (เย็น/ปั่น),Original Black Coffee topped with Fresh Milk,,"โกปี๊ยกล้อใส่นม, รสเข้มหอมหวาน. สั่งเลยผ่านแอพดิลิเวอรี่, ความสดชื่นถึงคุณ!",24.00,,,,,,Yes
,"กาแฟ (เย็น, ปั่น)",โกปี๊อ้อ (โอเลี้ยง) (เย็น/ปั่น),Original Black Coffee,,"โกปี๊เข้มข้นสูตรพิเศษ, เพื่อผู้รักสุขภาพ, จัดส่งทันใจ!	",19.00,,,,,,Yes
,"กาแฟ (เย็น, ปั่น)",ลาเต้ (เย็น/ปั่น),Latte,,"ลาเต้เนียนนุ่มหอมมัน, กาแฟพร้อมนม, ส่งไวถึงมือ!",29.00,,,,,,Yes
,"กาแฟ (เย็น, ปั่น)",มอคค่า (เย็น/ปั่น),Mocha,,"มอคค่าหวานมันกับช็อกโกแลต, อุ่นใจทุกดื่ม, สั่งเลย!",29.00,,,,,,Yes
,"กาแฟ (เย็น, ปั่น)",โกปี๊ โบราณ (เย็น/ปั่น),Original Milk Coffee,,"โกปี๊แบบดั้งเดิม, รสชาติเข้มข้น, สั่งสะดวกผ่านแอพ!",24.00,,,,,,Yes
,"กาแฟ (เย็น, ปั่น)",เนสกาแฟ (เย็น/ปั่น),Nescafe Milk Coffee,,"เนสกาแฟ หอมกรุ่น, เติมพลังทุกเช้า, ส่งตรงถึงคุณ!",24.00,,,,,,Yes
,"นม (เย็น, ปั่น)",โอวัลติน (เย็น/ปั่น),Ovaltine,,"โอวัลตินคลาสสิก, หวานมัน ชาร์จพลังกายและใจ, สั่งได้เลย!",24.00,,,,,,Yes
,"นม (เย็น, ปั่น)",ไมโล (เย็น/ปั่น),Milo,,"ไมโลสำหรับคนรักช็อกโกแลต, เพิ่มพลัง, จัดส่งเร็ว!",24.00,,,,,,Yes
,"นม (เย็น, ปั่น)",นมสดเย็น (เย็น/ปั่น),Fresh Milk,,"นมสดเย็นๆ หวานนุ่ม, เพลิดเพลินทุกเวลา, ส่งเร็วถึงมือ!",24.00,,,Yes,,,Yes
,"นม (เย็น, ปั่น)",นมสดน้ำผึ้ง (เย็น/ปั่น),Honey Fresh Milk,,"นมสดหวานธรรมชาติกับน้ำผึ้งหอม, ส่งตรงถึงมือคุณ!",34.00,,,,,,Yes
,"นม (เย็น, ปั่น)",นมมรกต (เย็น/ปั่น),Green Fresh Milk,,"นมสดมรกต, สีสันใหม่ของความหวาน, ชวนลิ้มลอง!",29.00,,,,,,Yes
,"นม (เย็น, ปั่น)",นมสดเฮเซลนัท (เย็น/ปั่น),Hazelnut Fresh Milk,,"นมสดหอมเฮเซลนัทเข้มข้น, รสชาติหวานมัน, จัดส่งทันที!",34.00,,,,,,Yes
,"นม (เย็น, ปั่น)",นมสดเผือก (เย็น/ปั่น),Taro Fresh Milk,,"นมสดเผือกหอมหวาน, รสชาติละมุนละไม, ส่งไวถึงบ้าน!",34.00,,,,,,Yes
,"นม (เย็น, ปั่น)",นมชมพู (เย็น/ปั่น),Pink Fresh Milk,,"นมชมพูผสมสตรอว์เบอร์รี, หวานอมเปรี้ยว, สดชื่นและสวยงาม!",29.00,,,,,,Yes
,"นม (เย็น, ปั่น)",นมสดคาราเมล (เย็น/ปั่น),Caramel Fresh Milk,,"นมสดคาราเมลเข้มข้น, เติมความหวานให้วันธรรมดา, สั่งง่าย!",34.00,,,,,,Yes
,"นม (เย็น, ปั่น)",นมสดมิ้นต์ (เย็น/ปั่น),Minty Fresh Milk,,"นมสดมิ้นต์สดชื่น ตื่นเต้นกับทุกโอกาส, สั่งได้เลย!
",34.00,,,,,,Yes
,อิตาเลียน โซดา,แดงโซดา,Red Soda,,"แดงโซดาสดชื่น, ตื่นตาตื่นใจ, สีสันสดใส, จัดส่งไว!",19.00,,,,,,Yes
,อิตาเลียน โซดา,เขียวโซดา,Green Soda,,"เขียวโซดาชูกำลัง, รสชาติสดใส, เติมพลังให้วันใหม่!",19.00,,,,,,Yes
,อิตาเลียน โซดา,บ๊วยโซดา,Plum Soda,,"โซดาบ๊วยหวานอมเปรี้ยว, รสชาติเฉพาะ, จัดส่งไวถึงมือ!",24.00,,,,,,Yes
,อิตาเลียน โซดา,แอปเปิ้ลโซดา,Apple Soda,,"แอปเปิ้ลโซดาหวานสด, จัดส่งไว, คลายร้อนทันใจ!",19.00,,,,,,Yes
,อิตาเลียน โซดา,บลูเบอร์รี่โซดา,Blueberry Soda,,"บลูเบอร์รี่โซดาเย็นฉ่ำ, สีสันสดใส, สั่งเลยทันที!",19.00,,,,,,Yes
,อิตาเลียน โซดา,เขียวมะนาวโซดา,Green Soda with Lime,,"เขียวมะนาวโซดาเย็นฉ่ำ, รสชาติที่ต้องลอง, ส่งตรงถึงคุณ!",29.00,,,,,,Yes
,อิตาเลียน โซดา,บลูฮาวายโซดา,Blue Hawaii Soda,,"บลูฮาวายโซดาเขตร้อน, ซ่าหวานเย็นสด, ส่งเร็วถึงคุณ!",19.00,,,,,,Yes
,อิตาเลียน โซดา,ลิ้นจี่โซดา,Lychee Soda,,"โซดาลิ้นจี่สดชื่น, หวานหอมเฉพาะ, จัดส่งไวสุดๆ!",19.00,,,,,,Yes
,อิตาเลียน โซดา,มะนาวโซดา,Lime Soda,,"มะนาวโซดาคลาสสิก, รสชาติสดชื่น, เติมความเย็นในทุกดื่ม!",24.00,,,,,,Yes
,อิตาเลียน โซดา,น้ำผึ้งมะนาวโซดา,Honey Lime Soda,,"โซดามะนาวผสมน้ำผึ้ง, สดชื่นหวานละมุน, สั่งเลย, ส่งไว!",29.00,,,,,,Yes
,อิตาเลียน โซดา,แดงมะนาวโซดา,Red Soda with Lime,,"โซดามะนาวแดง, ผสานความสดชื่น, จัดส่งเร็วถึงที่!",29.00,,,,,,Yes
,อิตาเลียน โซดา,เสาวรสโซดา,Passion Fruit Soda,,"เสาวรสโซดาสดชื่น, หวานหอมละมุน, พร้อมส่งทันที!",19.00,,,,,,Yes
,0% แคล ชาเพื่อสุขภาพ,0% แคล ชาสละ,0% Calorie Salak Tea,,หอมหวานสดชื่นด้วยรสชาติเอกลักษณ์ของสละ ผสานกับชาเขียวมะลิหอมละมุน ให้ความหวานแบบไร้กังวลด้วยหญ้าหวานแทนน้ำตาล 0% แคลอรี่ ดื่มง่าย รีเฟรชได้ทุกวัน,19.00,,,Yes,,,Yes
,"นม (เย็น, ปั่น)",นมสดมันม่วง,,,นมสดหอมมัน ผสมกับมันม่วงแท้ รสหวานละมุน กลิ่นหอมอ่อน ๆ ดื่มง่าย สดชื่น สีม่วงสวยไม่ซ้ำ เพิ่มความสนุกในทุกแก้ว พร้อมส่งตรงถึงคุณ.,39.00,,,Yes,,,Yes
,"ชานม (เย็น, ปั่น)",ชาไทยมันม่วง,,,ชาไทยสูตรเข้มข้นหอมหวาน ผสานความนุ่มละมุนของมันม่วงแท้ ได้รสชาติเข้มแต่ละมุนในแก้วเดียว สีสวยไม่เหมือนใคร สดชื่น ดื่มง่าย ไม่เลี่ยน พร้อมเสิร์ฟทุกออเดอร์ ส่งตรงถึงมือคุณ.,39.00,,,Yes,,,Yes
,"ชานม (เย็น, ปั่น)",ชานมมันม่วง,,,ชานมรสนุ่ม กลมกล่อม สอดแทรกความหอมหวานของมันม่วงแท้ เพิ่มมิติใหม่ให้การดื่มชา อร่อย ละมุน สดชื่น สีสวยไม่ซ้ำใคร ดื่มเพลินทุกเวลา ส่งตรงถึงมือคุณ.,39.00,,,Yes,,,Yes
,"Signature Drinks (เย็น, ปั่น)",กาแฟโบราณ บราวน์ชูการ์ (เย็น/ปั่น),Original Black Coffee with Brown Sugar,,"กาแฟโบราณหวานกลมกล่อม, หอมบราวน์ชูการ์, ส่งถึงมือ!	",39.00,,,,,,Yes
,"Signature Drinks (เย็น, ปั่น)",ชาไทยชีส (เย็น/ปั่น),Cream Cheese Thai Milk Tea,,"ชาไทยหอมละมุนผสานชีสครีมเข้มข้น สัมผัสเย็นชื่นใจ สั่งง่ายผ่านแอพดิลิเวอรี่, ถึงมือคุณเร็วทันใจ.",44.00,,,Yes,,,Yes
,0% แคล โซดาซ่าเพื่อสุขภาพ,0% แคล โซดาฟรุตพันช์,0% Cal Soda Fruit Punch,,เปรี้ยวหวานกลมกล่อมด้วยกลิ่นผลไม้รวม เติมความสดชื่นด้วยโซดาซ่า ไม่มีน้ำตาลและแคลอรี่ ดื่มง่าย สดชื่นได้ทุกเวลา,19.00,,,Yes,,,Yes
,0% แคล ชาเพื่อสุขภาพ,0% แคล ชาฟรุตพันช์,0% Cal Grapefruit Punch,,รสชาติเปรี้ยวหวานสดชื่น ผสานกลิ่นผลไม้รวม ดื่มง่าย เติมความสดชื่นได้ตลอดวัน ปราศจากน้ำตาลและแคลอรี่,19.00,,,Yes,,,Yes
,0% แคล ชาเพื่อสุขภาพ,0% แคล ชาน้ำผึ้ง,0% Cal Honey Tea,,ความหอมหวานของน้ำผึ้งแท้ ผสานกับชาใส ดื่มแล้วสดชื่นโดยไม่มีแคลอรี่ ให้ความหวานจากธรรมชาติแบบไม่ต้องรู้สึกผิด,19.00,,,Yes,,,Yes
,0% แคล โซดาซ่าเพื่อสุขภาพ,0% แคล โซดาน้ำผึ้ง,0% Cal Honey Soda,,กลิ่นหอมนุ่มละมุนของน้ำผึ้งแท้ ผสานความซ่าของโซดา สดชื่นแบบไม่มีน้ำตาลและแคลอรี่ เหมาะสำหรับทุกโอกาส,19.00,,,Yes,,,Yes
,"ชานมสดคราฟต์ (เย็น, ปั่น)",ชาจัสมินฝูเจี้ยน (เย็น/ปั่น) 16 oz,Craft Fujian Jasmine,,ชามะลิฝูเจี้ยนน็อคสดวันต่อวัน ดึงกลิ่นหอมพุ่งด้วยเทคนิคพิเศษ ผสมนมสดแท้ 100% รสสัมผัสนุ่มนวล ละมุนทุกคำ,29.00,,,Yes,,,Yes
,ชา,ชาอู่หลงน้ำผึ้งมะนาว,,,ผสานความหอมหวานของน้ำผึ้งและความเปรี้ยวสดชื่นจากมะนาว เข้ากับชาอู่หลงคุณภาพ สดชื่นในแก้วเดียว,24.00,,,Yes,,,Yes
,ชา,ชาอู่หลงน้ำผึ้ง,,,ความหอมหวานจากน้ำผึ้งแท้ ผสมกับชาอู่หลงชั้นดี รสกลมกล่อม สดชื่นอย่างลงตัว,24.00,,,Yes,,,Yes
,ชา,ชาอู่หลงเย็น,,,ชาอู่หลงหอมเข้ม คัดใบชาคุณภาพ ดื่มเย็นสดชื่น คลายร้อนในทุกช่วงเวลา,19.00,,,Yes,,,Yes
,0% แคล ชาเพื่อสุขภาพ,0% แคล ชาน้ำผึ้งมะนาว,0% Cal Honey Lemon Tea,,รสเปรี้ยวสดชื่นจากมะนาวแท้ ผสมกับน้ำผึ้งหอมหวานและชาใส ไม่มีแคลอรี่ ดื่มง่าย สดชื่นตลอดวัน,19.00,,,Yes,,,Yes
,ทัอปปิ้ง,วุ้นกบไต้หวัน,,,"วุ้นไต้หวันน้ำผึ้ง
เนื้อเด้ง นุ่ม สดชื่น หอมละมุนด้วยน้ำผึ้งแท้ แคลต่ำ กินแล้วเบา สายสุขภาพห้ามพลาด",6.00,,,,,,Yes
,0% แคล โซดาซ่าเพื่อสุขภาพ,0% แคล โซดาองุ่น,0% Calorie Grape Soda,,หอมกลิ่นองุ่นเข้มข้น ซ่า สดชื่น ไม่มีน้ำตาลและแคลอรี่ ดื่มง่าย ให้ความรู้สึกสดชื่นตลอดวัน,19.00,,,Yes,,,Yes
,0% แคล ชาเพื่อสุขภาพ,0% แคล ชาองุ่น,0% Cal Grape Tea,,สัมผัสความหอมหวานขององุ่นแท้ๆ ผสมกับชาเขียวมะลิที่ให้รสชาติละมุน กลมกล่อมอย่างลงตัว ปรุงรสด้วยหญ้าหวานแทนน้ำตาล ไม่มีแคลอรี่ สดชื่น เบาสบาย ดื่มได้ทุกวัน,19.00,,,Yes,,,Yes
,มัจฉะแท้,มัทฉะเลม่อนเย็น (Matcha Lemon),,,ชาเขียวมัทฉะเข้มข้น ผสมน้ำเลม่อนแท้ รสเปรี้ยวสดชื่น ตัดกับกลิ่นชาเขียวหอมลึก เย็นชื่นใจ ใส่น้ำแข็งแบบจัดเต็ม ดื่มแล้วตื่น สดใส เหมาะกับทุกเวลาในวันร้อนๆ ไม่มีนม ไม่มีครีม สายเฮลธ์ตี้ก็สบายใจได้.,35.00,,,Yes,,,Yes
,มัจฉะแท้,มัทฉะมะพร้าวนม,,,ชาเขียวมัทฉะเข้มข้นผสมนมสด หอมกลิ่นใบชาแท้ ตัดกับน้ำมะพร้าวใสให้ความสดชื่น ดื่มแล้วเบาสบาย ไม่เลี่ยน เหมาะกับคนรักมัทฉะที่อยากได้ความหอมมันแบบกลมกล่อม ไม่หนักนมจนเกินไป,45.00,,,Yes,,,Yes
,มัจฉะแท้,มัทฉะมะพร้าว,,,ชาเขียวมัทฉะเข้มข้น ผสมกับน้ำมะพร้าวหอมสดชื่นแบบไม่ใส่นม รสชาติกลมกล่อม สดชื่นจากธรรมชาติ ดื่มแล้วรู้สึกเบา สบาย เหมาะกับสายสุขภาพหรือคนที่ไม่อยากดื่มนม,45.00,,,Yes,,,Yes
,มัจฉะแท้,เพียวมัทฉะ (Pure Matcha),,,มัทฉะแท้ 100% ชงเข้มข้นแบบไม่เติมนม ไม่แต่งกลิ่น ไม่ใส่ครีม หอม ละมุน ดื่มแล้วสดชื่นเต็มรสชา เหมาะสำหรับสายมัทฉะล้วน หรือคนที่ต้องการลดหวาน-ลดมันโดยไม่ลดคุณภาพ,29.00,,,Yes,,,Yes
,มัจฉะแท้,มัทฉะลาเต้ (Matcha Latte),Matcha Latee,,มัทฉะแท้เข้มข้น 100% จากใบชาเขียวคุณภาพ ตีสดใหม่ทุกแก้ว ราดบนนมสดเย็นจัด ให้เลเยอร์สีสวย ดื่มแล้วสดชื่น หอมละมุน ไม่หวานเลี่ยน เหมาะทั้งสายชาเขียวแท้และคนรักสุขภาพ,39.00,,,Yes,,,Yes
,0% แคล โซดาซ่าเพื่อสุขภาพ,0% โคล่าโซดามะนาว,0% Cola Lemon Soda,,ความซ่าที่ลงตัวของโคล่า 0% น้ำตาล ผสานความสดชื่นจากมะนาว ดื่มแล้วรู้สึกสดชื่นทุกครั้งโดยไม่เพิ่มแคลอรี่ เหมาะสำหรับคนที่ชอบรสเปรี้ยวอมหวานแต่ควบคุมน้ำตาล,19.00,,,Yes,,,Yes
,0% แคล โซดาซ่าเพื่อสุขภาพ,0% โคล่าโซดา,0% Cola Soda,,โคล่า 0% น้ำตาล เติมความซ่าด้วยโซดา ให้ความรู้สึกสดชื่นแบบเรียบง่าย เหมาะกับทุกช่วงเวลาโดยไม่รู้สึกผิด,19.00,,,Yes,,,Yes
,0% แคล ชาเพื่อสุขภาพ,0% แคล ชาแคนตาลูป,Cantaloupe Tea 0% Cal,,หอมหวาน สดชื่น ด้วยกลิ่นหอมของแคนตาลูปแท้ ไม่มีน้ำตาลและแคลอรี่ เหมาะสำหรับคนรักสุขภาพที่ต้องการดื่มชาอร่อยแบบไม่ต้องกังวล,19.00,,,Yes,,,Yes
,0% แคล ชาเพื่อสุขภาพ,0% แคล ชาลิ้นจี่,0% Cal Lychee Tea,,หอมละมุนจากชาเขียวมะลิ ผสานความหวานหอมของลิ้นจี่แท้ๆ ปรุงรสด้วยหญ้าหวานแทนน้ำตาล ไม่มีแคลอรี่ ดื่มง่าย สดชื่นลงตัว เหมาะสำหรับสายสุขภาพและคนที่มองหาเครื่องดื่มชาเพื่อความสดชื่นแบบไร้กังวล,19.00,,,Yes,,,Yes
,0% แคล โซดาซ่าเพื่อสุขภาพ,0% แคล โซดาน้ำผึ้งมะนาว,Honey Lime Soda Zero Calories,,เปรี้ยวหวานลงตัวจากน้ำผึ้งและมะนาว สดชื่นด้วยโซดาซ่า ไม่มีน้ำตาลและแคลอรี่ ให้ความสดชื่นทุกครั้งที่ดื่ม,19.00,,,Yes,,,Yes
,ชาผลไม้,ชาพีชส้มยูสุ,Peach & Orange Tea,,"ชาพีชและส้มยูสุ, สองรสชาติในแก้วเดียว, ส่งไวถึงที่!",49.00,,,,,,Yes
,ชาผลไม้,ชามิกซ์เบอร์รี่,Mixed Berry Tea,,"ชาเบอร์รี่มิกซ์, รสชาติหวานฉ่ำ, สดชื่นและหอมหวาน!",39.00,,,,,,Yes
,มัจฉะแท้,มัทฉะครีมชีส (Matcha Cheese Tea),,,ชาเขียวมัทฉะแท้ ตีสดใหม่ ราดลงบนเครื่องดื่มเย็นผสมนมสูตรพิเศษ ท็อปด้วยโฟมชีสหอมมันนุ่มฟู รสชาติเข้มข้นแต่กลมกล่อม หวานน้อย เค็มนิด ดื่มเพลินไม่มีเบื่อ,49.00,,,Yes,,,Yes
,** ไอศครีม **,(เล็ก) ไอศกรีมซอฟต์เสิร์ฟ,(Small) Soft Serve Ice Cream,,,12.00,,,,,,
,** ไอศครีม **,(ใหญ่) ไอศกรีมซอฟต์เสิร์ฟ,(Large) Soft Serve Ice Cream,,,19.00,,,,,,
,0% แคล โซดาซ่าเพื่อสุขภาพ,0% แคล โซดาแคนตาลูป,Cantaloupe Soda Zero Calories,,หอมหวานสดชื่นด้วยกลิ่นแคนตาลูปแท้ ผสานความซ่าของโซดาแบบไม่มีน้ำตาลและแคลอรี่ ดื่มง่าย เติมความสดชื่นได้ทุกวัน,19.00,,,Yes,,,Yes
,0% แคล โซดาซ่าเพื่อสุขภาพ,0% แคล โซดาลิ้นจี่,0% Cal Lychee Soda,,สดชื่น หอมหวานกำลังดี ด้วยกลิ่นลิ้นจี่แบบธรรมชาติ ซ่าซ่าแบบไม่มีน้ำตาลและแคลอรี่ ดื่มง่าย สดชื่นทุกเวลา,19.00,,,Yes,,,Yes
,** ไอศครีม **,(กลาง) ไอศกรีมซอฟต์เสิร์ฟ,Medium Soft Serve Ice Cream,,,15.00,,,,,,
,ชาผลไม้,ชาส้มยูสุ,Orange Tea,,"ชาส้มยูสุญี่ปุ่น, รสชาติอ่อนหวาน, สดชื่นทุกคำ!",39.00,,,,,,Yes
,ชาผลไม้,ชาพีช,Peach Tea,,"ชาพีชหวานหอม, รสชาติละมุน, ส่งตรงถึงมือคุณ!",39.00,,,,,,Yes
,ชาผลไม้,ชาผลไม้รวม,Mixed Fruit Tea,,"ชาผสมผลไม้หลากหลาย, สดชื่นหลากสี, จัดส่งไว!",39.00,,,,,,Yes
